{
  "dataset": "bizitobs_service/10S/medium",
  "parameters": {
    "lr": 0.0017780641416237073,
    "weight_decay": 0.0003120456717391842,
    "context_length_multiplier": 2,
    "num_instances": 100.0,
    "max_epochs": 150,
    "patience": 5
  }
}