{
  "dataset": "bizitobs_l2c/5T/short",
  "parameters": {
    "lr": 0.009734988100253745,
    "weight_decay": 0.00020958694201486577,
    "context_length_multiplier": 5,
    "num_instances": 100.0,
    "max_epochs": 150,
    "patience": 5
  }
}