{
  "dataset": "electricity/D/short",
  "parameters": {
    "lr": 0.00030875987943681805,
    "weight_decay": 0.002864743368524548,
    "context_length_multiplier": 20,
    "num_instances": 100.0,
    "max_epochs": 150,
    "patience": 5
  }
}