{
  "dataset": "ett1/W/short",
  "parameters": {
    "lr": 0.006448200661970716,
    "weight_decay": 0.0003848209275595724,
    "context_length_multiplier": 5,
    "num_instances": 100.0,
    "max_epochs": 150,
    "patience": 5
  }
}