{
  "dataset": "hospital/M/short",
  "parameters": {
    "lr": 0.0019145159363605554,
    "weight_decay": 3.0009147831615954e-05,
    "context_length_multiplier": 5,
    "num_instances": 100.0,
    "max_epochs": 150,
    "patience": 5
  }
}