{
  "dataset": "m4_hourly/H/short",
  "parameters": {
    "lr": 0.009660827319558602,
    "weight_decay": 3.3315790296667296e-05,
    "context_length_multiplier": 2,
    "num_instances": 100.0,
    "max_epochs": 150,
    "patience": 5
  }
}