{
  "dataset": "solar/10T/short",
  "parameters": {
    "lr": 0.002607456445267264,
    "weight_decay": 0.0005216293899363898,
    "context_length_multiplier": 10,
    "num_instances": 100.0,
    "max_epochs": 150,
    "patience": 5
  }
}